-- phpMyAdmin SQL Dump
-- version 5.1.1
-- https://www.phpmyadmin.net/
--
-- Host: 127.0.0.1:3306
-- Generation Time: Oct 27, 2023 at 09:24 AM
-- Server version: 5.7.36
-- PHP Version: 8.0.13

SET SQL_MODE = "NO_AUTO_VALUE_ON_ZERO";
START TRANSACTION;
SET time_zone = "+00:00";


/*!40101 SET @OLD_CHARACTER_SET_CLIENT=@@CHARACTER_SET_CLIENT */;
/*!40101 SET @OLD_CHARACTER_SET_RESULTS=@@CHARACTER_SET_RESULTS */;
/*!40101 SET @OLD_COLLATION_CONNECTION=@@COLLATION_CONNECTION */;
/*!40101 SET NAMES utf8mb4 */;

--
-- Database: `tgms_db`
--

-- --------------------------------------------------------

--
-- Table structure for table `class`
--

DROP TABLE IF EXISTS `class`;
CREATE TABLE IF NOT EXISTS `class` (
  `c_id` bigint(20) NOT NULL AUTO_INCREMENT,
  `c_name` text NOT NULL,
  `course_id` int(11) NOT NULL,
  `dept_id` int(11) NOT NULL,
  PRIMARY KEY (`c_id`),
  KEY `course_id` (`course_id`,`dept_id`)
) ENGINE=MyISAM AUTO_INCREMENT=3 DEFAULT CHARSET=latin1;

--
-- Dumping data for table `class`
--

INSERT INTO `class` (`c_id`, `c_name`, `course_id`, `dept_id`) VALUES
(1, 'BENG 20 COE', 21, 1),
(2, 'OD 20 MFT', 22, 6);

-- --------------------------------------------------------

--
-- Table structure for table `course`
--

DROP TABLE IF EXISTS `course`;
CREATE TABLE IF NOT EXISTS `course` (
  `course_id` int(11) NOT NULL AUTO_INCREMENT,
  `course_name` varchar(255) NOT NULL,
  `dept_id` int(11) DEFAULT NULL,
  PRIMARY KEY (`course_id`),
  KEY `dept_id` (`dept_id`)
) ENGINE=InnoDB AUTO_INCREMENT=33 DEFAULT CHARSET=utf8mb4;

--
-- Dumping data for table `course`
--

INSERT INTO `course` (`course_id`, `course_name`, `dept_id`) VALUES
(21, 'Bachelor Engineering In Computer Engineering', 1),
(22, 'Ordinary Diploma In Multimedia And Firm Technology Engineering', 6),
(23, 'Bachelor Engineering In Electronics and Telecommunication Engineering', 2),
(24, 'Bachelor Engineering In Civil Engineering', 3),
(25, 'Bachelor Engineering In Electrical Engineering', 4),
(26, 'Bachelor Engineering In Civil Engineering', 7),
(27, 'Bachelor Engineering In Mining Engineering', 5),
(28, 'Ordinary Diploma In Computer Engineering', 1),
(29, 'Ordinary Diploma In Information Technology Engineering', 1),
(30, 'Ordinary Diploma In Civil Engineering', 3),
(31, 'Ordinary Diploma In Electrical Engineering', 4),
(32, 'Ordinary Diploma In Electronics And Telecommunication Engineering', 2);

-- --------------------------------------------------------

--
-- Table structure for table `department`
--

DROP TABLE IF EXISTS `department`;
CREATE TABLE IF NOT EXISTS `department` (
  `dept_id` int(11) NOT NULL AUTO_INCREMENT,
  `dept_name` varchar(255) NOT NULL,
  PRIMARY KEY (`dept_id`)
) ENGINE=InnoDB AUTO_INCREMENT=9 DEFAULT CHARSET=utf8mb4;

--
-- Dumping data for table `department`
--

INSERT INTO `department` (`dept_id`, `dept_name`) VALUES
(1, 'Computer Studies'),
(2, 'Electronics And Telecomunication'),
(3, 'Civil'),
(4, 'Electrical'),
(5, 'Mining'),
(6, 'Multimedia'),
(7, 'Mechanics'),
(8, 'Medical Laboratory');

-- --------------------------------------------------------

--
-- Table structure for table `module`
--

DROP TABLE IF EXISTS `module`;
CREATE TABLE IF NOT EXISTS `module` (
  `modCode` text NOT NULL,
  `modName` varchar(255) NOT NULL,
  `credit` int(11) NOT NULL,
  `sess_id` int(11) NOT NULL,
  `sem_id` int(11) NOT NULL,
  `level_id` int(11) NOT NULL,
  `course_id` int(11) NOT NULL,
  `dept_id` int(11) NOT NULL,
  PRIMARY KEY (`modCode`(16)),
  KEY `dept_id` (`dept_id`,`sem_id`,`level_id`),
  KEY `sess_id` (`sess_id`)
) ENGINE=InnoDB DEFAULT CHARSET=utf8mb4;

--
-- Dumping data for table `module`
--

INSERT INTO `module` (`modCode`, `modName`, `credit`, `sess_id`, `sem_id`, `level_id`, `course_id`, `dept_id`) VALUES
('COU 07501', 'Database Programing Administration ', 9, 3, 1, 7, 21, 1);

-- --------------------------------------------------------

--
-- Table structure for table `nta_level`
--

DROP TABLE IF EXISTS `nta_level`;
CREATE TABLE IF NOT EXISTS `nta_level` (
  `level_id` int(11) NOT NULL,
  `Level_status` varchar(255) NOT NULL,
  `category(BENG/OD)` varchar(255) NOT NULL,
  PRIMARY KEY (`level_id`)
) ENGINE=InnoDB DEFAULT CHARSET=utf8mb4;

--
-- Dumping data for table `nta_level`
--

INSERT INTO `nta_level` (`level_id`, `Level_status`, `category(BENG/OD)`) VALUES
(4, 'NTA_Level 4', 'ORDINARY DIPLOMA'),
(5, 'NTA_Level 5', 'ORDINARY DIPLOMA'),
(6, 'NTA_Level 6', 'ORDINARY DIPLOMA'),
(7, 'NTA_Level 7', 'BACHELOR ENGINEERING'),
(8, 'NTA_Level 8', 'BACHELOR ENGINEERING'),
(9, 'NTA_Level 9', 'BACHELOR ENGINEERING'),
(10, 'NTA_Level 10', 'MASTERS DEGREE'),
(11, 'NTA_Level 11', 'MASTERS DEGREE');

-- --------------------------------------------------------

--
-- Table structure for table `results`
--

DROP TABLE IF EXISTS `results`;
CREATE TABLE IF NOT EXISTS `results` (
  `res_id` bigint(20) NOT NULL AUTO_INCREMENT,
  `regNo` bigint(20) NOT NULL,
  `modCode` text NOT NULL,
  `modName` varchar(255) NOT NULL,
  `CA` int(11) NOT NULL,
  `FE` int(11) NOT NULL,
  `grade` varchar(2) NOT NULL,
  `grade_point` int(11) NOT NULL,
  `credit` int(11) NOT NULL,
  `level_id` int(11) NOT NULL,
  `sess_id` int(11) NOT NULL,
  `sem_id` int(11) NOT NULL,
  `dept_id` int(11) NOT NULL,
  PRIMARY KEY (`res_id`),
  KEY `regNo` (`regNo`),
  KEY `level_id` (`level_id`,`sem_id`),
  KEY `dept_id` (`dept_id`),
  KEY `dept_id_2` (`dept_id`)
) ENGINE=MyISAM AUTO_INCREMENT=57 DEFAULT CHARSET=latin1;

--
-- Dumping data for table `results`
--

INSERT INTO `results` (`res_id`, `regNo`, `modCode`, `modName`, `CA`, `FE`, `grade`, `grade_point`, `credit`, `level_id`, `sess_id`, `sem_id`, `dept_id`) VALUES
(1, 200230225910, 'CMT 04101', 'Introduction to Graphics Design', 0, 0, 'A', 5, 9, 4, 1, 1, 1),
(2, 200230225910, 'CMT 04102', 'Multimedia Equipment and Devices', 0, 0, 'A', 5, 9, 4, 1, 1, 1),
(3, 200230225910, 'CMT 04103', 'Photography and Digital Mining ', 0, 0, 'B', 3, 9, 4, 1, 1, 1),
(4, 200230225910, 'CMT 04104', 'Word processor Presentation and Internet', 0, 0, 'B', 3, 9, 4, 1, 1, 1),
(5, 200230225910, 'GST 04101', 'Algebra', 0, 0, 'C', 2, 6, 1, 1, 1, 1),
(6, 200230225910, 'GST 04102', 'Basic Technical Communication Skills', 0, 0, 'C', 2, 9, 4, 1, 1, 1),
(7, 200230225910, 'GST 04103', 'Entrepreneurship Concepts and Contex ', 0, 0, 'C', 2, 6, 4, 1, 1, 1),
(8, 200230225910, 'SLPT 04101', 'Static and Dynamics', 0, 0, 'C', 2, 12, 4, 1, 1, 1),
(9, 20230225910, 'CSMT 04205', 'Multimedia Hardware Maintenance and Repair', 0, 0, 'B', 3, 9, 4, 1, 2, 1),
(10, 200230225910, 'CSMT 04207', 'Screen Writing and Story branding', 0, 0, 'A', 5, 9, 4, 1, 2, 1),
(11, 200230225910, 'CSMT 04208', 'Spread Sheet and Database ', 0, 0, 'A', 5, 9, 4, 1, 2, 1),
(12, 200230225910, 'CSMT 04209', 'Video Fundamentals and Applications', 0, 0, 'B', 3, 9, 4, 1, 2, 1),
(13, 20023025910, 'CSMT 210', 'Web Design and Applications ', 0, 0, 'C', 2, 9, 4, 1, 2, 1),
(14, 200230225910, 'GST 04204', 'Trigonometry and Vectors', 0, 0, 'C', 2, 6, 4, 1, 2, 1),
(15, 20023025910, 'GST 04205', 'Communication Skills', 0, 0, 'B', 3, 6, 4, 1, 2, 1),
(16, 200230225910, 'GST 04206', 'Small Business Development', 0, 0, 'B', 3, 9, 4, 1, 2, 1),
(17, 20023025910, 'SLTP 04202', 'Gravitation and Simple Harmonic Motion', 0, 0, 'C', 2, 12, 4, 1, 2, 1),
(18, 20023025910, 'CSET 05108', 'Industrial Practical Training ', 0, 0, 'B', 3, 9, 5, 2, 3, 1),
(19, 200230225910, 'CSMT 05101', 'Computer Programing for Multimedia', 0, 0, 'B', 3, 12, 5, 2, 3, 1),
(20, 200230225910, 'CSMT 05102', 'Digital Video Production', 0, 0, 'A', 5, 9, 5, 2, 3, 1),
(21, 200230225910, 'CSMT 05103', 'Introduction to 2D and 3D Animation', 0, 0, 'B', 3, 9, 5, 2, 3, 1),
(22, 200230225910, 'CSMT 05104', 'lighting for Firm Production', 0, 0, 'C', 2, 9, 5, 2, 3, 1),
(23, 200230225910, 'CSMT 05105', 'Music Production', 0, 0, 'B', 3, 9, 5, 2, 3, 1),
(24, 200230225910, 'GST 05101', 'Fundamental Rules of Counting, Matrices and Differentiation', 0, 0, 'C', 2, 6, 5, 2, 3, 1),
(25, 200230225910, 'GST 05102', 'Business Communication', 0, 0, 'B', 3, 9, 5, 2, 3, 1),
(26, 200230225910, 'GST 05103', 'Business startup and Management', 0, 0, 'C', 2, 6, 5, 2, 3, 1),
(28, 20023025910, 'CSMT 05207', 'Advanced 3D Animation', 0, 0, 'B', 3, 12, 5, 2, 4, 1),
(29, 20023025910, 'CSMT 05208', 'African Cinema', 0, 0, 'B', 3, 9, 5, 2, 4, 1),
(30, 20023025910, 'CSMT 05209', 'Game Design', 0, 0, 'B', 3, 12, 5, 2, 4, 1),
(31, 20023025910, 'CSMT 05210', 'Interactive Media Broadcasting ', 0, 0, 'B', 3, 9, 5, 2, 4, 1),
(32, 20023025910, 'CSMT 05211', 'Sound Techniques for Video and Firm', 0, 0, 'C', 2, 9, 5, 2, 4, 1),
(33, 20023025910, 'GST 05204', 'Integration, Statistics and Probability', 0, 0, 'C', 2, 9, 5, 2, 4, 1),
(34, 20023025910, 'GST 05205', 'Communication and Technical Presentation', 0, 0, 'C', 2, 9, 5, 2, 4, 1),
(35, 20023025910, 'GST 05206', 'Business Financial Management and Accounting ', 0, 0, 'C', 2, 6, 5, 2, 4, 1),
(36, 20023025910, 'GST 05207', 'Research Methods for Technicians', 0, 0, 'C', 2, 9, 5, 2, 4, 1),
(37, 20023025910, 'CSET 06109', 'Data Collection', 0, 0, 'B+', 4, 9, 6, 3, 5, 1),
(38, 20023025910, 'CSET 06110', 'Industrial Practical Training', 0, 0, 'A', 5, 9, 6, 3, 5, 1),
(39, 20023025910, 'CSMT 06101', 'Advertising Graphics Design', 0, 0, 'B', 3, 9, 6, 3, 5, 1),
(40, 20023025910, 'CSMT 06102', 'Compositing and Visual Effects', 0, 0, 'A ', 5, 9, 6, 3, 5, 1),
(41, 20023025910, 'CSMT 06103', 'Introduction to Firm Production Management', 0, 0, 'A', 5, 6, 6, 3, 5, 1),
(42, 20023025910, 'CSMT 06104', 'Multimedia Authoring Tools  ', 0, 0, 'B+', 4, 9, 6, 3, 5, 1),
(43, 20023025910, 'CSMT 05105', 'Music Dj', 0, 0, 'A', 5, 9, 6, 3, 5, 1),
(44, 20023025910, 'GST 05101', 'Conics and Differential Equations ', 0, 0, 'C', 2, 6, 6, 3, 5, 1),
(45, 20023025910, 'GST 06102', 'Engineering Study Skills', 0, 0, 'B+', 4, 9, 6, 3, 5, 1),
(46, 200230225910, 'GST 06103', 'Formalization, Internationalization and e-Business', 0, 0, 'C', 2, 6, 6, 3, 5, 1),
(47, 200230225910, 'SLTP 06101', 'Electromagnetism', 0, 0, 'C', 2, 12, 6, 3, 5, 1),
(48, 200230225910, 'CSMT 06207', '3D Animation Application and Production', 0, 0, 'B+', 4, 9, 6, 3, 6, 1),
(49, 200230225910, 'CSMT 06208', 'Media Law and Ethics ', 0, 0, 'B+', 4, 9, 6, 3, 6, 1),
(50, 200230225910, 'CSMT 06209', 'Music and Firm Composition', 0, 0, 'B+', 4, 9, 6, 3, 6, 1),
(51, 200230225910, 'CSMT 06210', 'Web Development ', 0, 0, 'B', 3, 12, 6, 3, 6, 1),
(52, 200230225910, 'CSMT 06211', 'Senior Project', 0, 0, 'A', 5, 12, 6, 3, 6, 1),
(53, 200230225910, 'GST 06204', 'Complex Numbers, Numerical Methods and Series', 0, 0, 'C', 2, 6, 6, 3, 6, 1),
(54, 200230225910, 'GST 06205', 'Technical Wiring ', 0, 0, 'B', 3, 9, 6, 3, 6, 1),
(55, 200230225910, 'GST 06206', 'Business Planning ', 0, 0, 'C', 3, 6, 6, 3, 6, 1),
(56, 200230225910, 'SLTP 06202', 'Heat and Thermodynamics', 0, 0, 'B', 3, 12, 6, 3, 6, 1);

-- --------------------------------------------------------

--
-- Table structure for table `semester`
--

DROP TABLE IF EXISTS `semester`;
CREATE TABLE IF NOT EXISTS `semester` (
  `sem_id` int(11) NOT NULL AUTO_INCREMENT,
  `semName` varchar(255) NOT NULL,
  PRIMARY KEY (`sem_id`)
) ENGINE=MyISAM AUTO_INCREMENT=9 DEFAULT CHARSET=latin1;

--
-- Dumping data for table `semester`
--

INSERT INTO `semester` (`sem_id`, `semName`) VALUES
(1, 'SEMESTER 1'),
(2, 'SEMESTER 2'),
(3, 'SEMESTER 3'),
(4, 'SEMESTER 4'),
(5, 'SEMESTER 5'),
(6, 'SEMESTER 6'),
(7, 'SEMESTER 7'),
(8, 'SEMESTER 8');

-- --------------------------------------------------------

--
-- Table structure for table `sessions`
--

DROP TABLE IF EXISTS `sessions`;
CREATE TABLE IF NOT EXISTS `sessions` (
  `sess_id` bigint(20) NOT NULL AUTO_INCREMENT,
  `start_Date` date DEFAULT NULL,
  `end_Date` date DEFAULT NULL,
  `sess_status` text NOT NULL,
  PRIMARY KEY (`sess_id`)
) ENGINE=MyISAM AUTO_INCREMENT=5 DEFAULT CHARSET=latin1;

--
-- Dumping data for table `sessions`
--

INSERT INTO `sessions` (`sess_id`, `start_Date`, `end_Date`, `sess_status`) VALUES
(1, '2020-11-24', '2021-08-16', '2020/2021'),
(2, '2021-10-24', '2022-07-05', '2021/2022'),
(3, '2022-11-05', '2023-07-11', '2022/2023');

-- --------------------------------------------------------

--
-- Table structure for table `student`
--

DROP TABLE IF EXISTS `student`;
CREATE TABLE IF NOT EXISTS `student` (
  `regNo` bigint(20) NOT NULL,
  `NHIF_Number` bigint(20) DEFAULT NULL,
  `CSSE_Index` text,
  `Phone_No` int(20) DEFAULT NULL,
  `Picture` blob,
  `Nationality` varchar(255) DEFAULT NULL,
  `surname` varchar(255) NOT NULL,
  `givenNames` varchar(255) NOT NULL,
  `gender` varchar(10) NOT NULL,
  `birthDate` date DEFAULT NULL,
  `admDate` datetime DEFAULT NULL,
  `grdDate` date DEFAULT NULL,
  `dept_id` int(11) NOT NULL,
  `level_id` int(11) NOT NULL,
  `course_id` int(11) DEFAULT NULL,
  `c_id` bigint(20) DEFAULT NULL,
  PRIMARY KEY (`regNo`),
  KEY `course_id` (`course_id`),
  KEY `level_id` (`level_id`),
  KEY `dept_id` (`dept_id`),
  KEY `c_id` (`c_id`)
) ENGINE=MyISAM DEFAULT CHARSET=latin1;

--
-- Dumping data for table `student`
--

INSERT INTO `student` (`regNo`, `NHIF_Number`, `CSSE_Index`, `Phone_No`, `Picture`, `Nationality`, `surname`, `givenNames`, `gender`, `birthDate`, `admDate`, `grdDate`, `dept_id`, `level_id`, `course_id`, `c_id`) VALUES
(200230225910, 101502421747, 'S1706.0142.2017', 733802746, 0x89504e470d0a1a0a0000000d49484452000000e1000000e10803000000096d224800000189504c5445ffffffe4b59c5b3427cb8c84875242d4a090231f20e7b89ef1eff151291cc98982e9baa0583124000000542c1f562f22e3b298f5f5f7cf93886b493ee0b199deac975f372a5429194d2417dba7944d1b005123107b4a3bd3a58e593022532b1fd2988b8b5b564a1500c0947ecda08980471ed49a88522412eae6e5754e3f805848a47a6700000a763900f8ebe5191b1fe7cdcb9c8983e4dfdd6d40328c756eb28773946c5bbfb4b1f9f0eb784826debab7d5a49ec4978573554c654034d9d1cfab9c9780665ebcafac9a715f7b5344a286786d4326eed2c4181314e2d5cda57f68eac6b3dab0ac956661b89a95ab8b8700001ca4938d470900917c754216056a5a53292c2f0e171d5149469e82742f2a284a32245a3e2d4b392e5e514c7c7e81aeafb14c4c4e99999a656465cdb8ac8e5a34c2c3c43a393b1b0f078b5c3e403531c8b2a57f431075767923272c3121196a2000ae7872a0838aa8aab77878895642582323468f8f9e00002f605475b882840018480000250000153636551b295b1f458f5b5e99223b78695c7f9e000013ac49444154789ced9d8977dbc69dc74961a9110e5e1040129441213c7490a24453a22ed2d46d4bb294c471d324b21da7b66b378e9b5ded76dbb47576b3fdcb7706177113c41020f59ebfefe5b04480f3e1ef37f33b6640c7629ff4499ff4499ff4499ff4499f14485983263d96316aae7db073787febe8c17caeb4502c96cbe562b1989fe9cf3fd87afae4f8edc1caa407185c73ed9dc3adf922045ac8e7f3a5528999198861e00ff2f965c49c3b7ab2d39e9bf4704753f6e0f8e97c09919566868b29e5178aa5f9fb07931eb64fcdeddc7fb0505cce9b4ce643a57c3177bf3de9d10fd3dcc1fd7e79c197e11c8d992f3fd899348387568e8f4ac5fc8896b359b2383fa58cedc307c5e5a0b6b3324edf846c1fe6ca815dd381b17c34552124bbf3606119d337adca2f4f8fabb69fe617c6673d5d4c716bd2648a76e6cbf9f1e3c9ca97261f39e60e7361984f536961c29eba727f0137320c11533c9c24df5668ee6950f9c9c4f89e2e44c007559c0c62f649311abe49211e46c707553e8e9aef6d7f21423ea862b42beadc5131c4f8e0286621cab878584e45cc3783eac6c87a3aedf9b01d34b70995b3fe347f1411e061a80ecae4eeddfb3755f736cdbf8b26f2af846bc04d1d4fd1a6295d2a465030ee8ca7baf554ce8879cff89b522e74c0ad62e87c480c93db74445cbe1f2e5fbb1f618c87135245343a6a39543fdd196383c2190a7a2892fc7f0346e35c2cf543043c2c875a2431c6e907575146fe99fc2763dc580e2f410d770a0ee6dd005266dcb4fae9572135a7b20f964305bc6705446039464534c6c55238717f6e3ee4358631c708e33a9ab3183194a0b83213451eca3076ca9c82689c89612c362ba5f0c33ca366a3564605d194be2d1cde3d40c696ad9910e15c34bdbc38e6226325e430e885a721de33151af9a7e3050c3713651c9751936690039b2ecacf8fb31aded9ca1743b4e2503e6525b5148ba531b76dda4f722121c26250951b1dfac5a64332551e730e3e1796111955322e0c1636d21cca066ce53ed4c27811ef475554d823bf9cb13abd74ac15ff413465a146694ec25df3fdf218fb8bf351b70e8d4baca301e5d7e4c79684ef446a426dfc339bfa547451e9c1b808fb919b5011b339c44fc795bf4dc484b2545f75f5d399e5f1f869f4b37020c58caebf1e4ffe16ed426a95dcc8703762711ce9dbd1044d8894f332626a0c15ff4ad9c72818269d4aa51653e9341342bbcacb88657c231e0e4d679814d9af6f9f343a8d93edfa699f29908be99139e5cf88240b641a666f3369922453fa3d72e6b6b04979fcf336c3d61986ec37c438ad2bce8995cef66a2ee59713a291a999fee976a353a98a9caa6aa551cf918c86e81a13678ab8cb697bc83a93ca5520955900c01f8995c6f66681243dfc16b11552abdb8d8ac8a10f070060be47a55e507ac3d65d2883960f31099f783b29598f5bf9f431a231572bdbf53e693327033dbbc0ac6e5f565434b75b88ab4a0fccdd4d19dcdd1aef7c863c71e3339a8253dd36853891e1d2fdd34647e4e0ef5cd00cd76f93e88ddc6d88db5df476d2a180064e0eb9ed6aba90434ee9834d13ad20ba0b73adf15c49d3757f801aa7ec90b47f3815f134ed8df81556ebcddb49471a696071de8078798d67b8272b239930b0e88677c71d6b22ee786cda33abd10042b947436cc2638f1d27b232da7c0a2efac4d3880b388487ee844c3f2ac038100b9e846f31083de27daa139993c6e9be57fe877586d8a38b58e022031ce2a6211132a3c5423c818a57d4c7227cea4a4876229b86f121213124c299089d14bae9aac744c422dc72238cd4498704fd7008a30b86b23c27221ea15b5aca44eaa470227ae4c758f1d0adcf366255812ffad47d2262e5346e84113b299a888bae845879a91b61296213c641d57d2262113e70264cf9acedc728da7d310d85508cd8495133c3b5d2c7aa809d09230e86b23ce20556c7d499b010f53a23cbb50c2ee37c0d832321b33a094077372d63003a13461e2a64b9afa6632764fad1cf4219d12dfb5ec02174da96998c09ddd71a06ebbca90361e4099b2e3ae76844bc13190e8464f4b15015e8381a11afab6f274c3526654288e8d890ca633d9f60272c38000259636571bca5f34cc4db4074f0521b212d56a0aa555ede02c60405f2f60d2756d13d2bd6bbd1758798b88c75d4d446c89cda367c1b055256a130236fe7c683624238b1da3939cd15b43bf6ab9677e31c8c88551eda09d3dbe6f704dca9e14d99f42299ead71bd5f8a890808e8b9ded7ec9bc5bcc58673dddb1971878476a6c8496b70462cee63768073b57af8c00098d573d59753cd950b07ca29c3d3bc53bf965cb69164d6d5220ba1d4348930504e98faf7ac2906ee7364833a2bdbfcfcc607dff998d90ac1a08010763703a3dc394483295b2bd35993b11871a928e775649abeba1bd7ef93c0dfcc78c48d7ad6f83f908cd10c27e9a296c8bbc288a95ce49bd5420cd984c2ab52d7ada11c41b7dd27c0d82db842b5615de95abf4c99982710bc8de38c53c646a236444c3bb6da716fb8a9580bcca739593d514699a98e942dda3ef083a66d3a3d355db9deae0000a80444cc1f0a902db52837950c1469833007648723b6ef2424003ae52cf99200b1e1b1ca67281594cafa2d355e6404f57fb8b7dc315b6a09f3f1c2ba1b172e29882d316225cf72bdbe4c0f5bcd2bcc1860b932aac7644a7480ab855e382ca59374b31bf81c8da4d34ecddd3f582db490508d939d5960f7b8e3090b6b70b17a586fba2044e7f37f053ceeaa59807866c847ae904aabff33a8a0168715b7968d1a360565d2e4d9e0e092ca783be892d2096f14eee590907290ddd1f72d604d05c4366ccb9bf042d1b7035ae0e8b29a0af57ddb6f6fe02dea37ad69d99456d52818a8f2a8a56d676d7c51474166752ab9c9fe4a7aedfd312104bf35880b6ddb594b630027fe714e84a8a2c7910160af5b89fe40e8855ed8e96961bee83cfd63d609dd0d7b8d080c44ed5e3a555af5f3adfd012f2f3980f7859090374a13c4be3d1eb66e4d946e15587f6b318e4b0cf1c3857e7bec6eeeb4a6bc8c77d76dd7af8d2f3100d3a2c5bed75cecece7a3d6ea4721f1d3715e52b2b3dd1fb4a6b63183358c48ecbe6649a745f3568f1ecebdfafe9fae6db2dff73ececeb77832bd7de6df53c8a4bd3093026f5151e60eca2d369cc2f0e18532e8474fcecdb8db5f38d5945e8bf1be7dff844a48fd6ced58b94abcfd7668fdc63e4809021e74f3a8fd671001f6550cdd09b1f38862321a0bfbb594b9e6fdc3cbb918778f3fcd9fb8de4f9f9b7fe2ae0eada6c3279f3ecf90b05f0c58b0dc8b8f6bd4bdd45eb832161d241834ce67170c0f58c0ad0506310d3777ccfdebbb564f2e5d65eed996a879bbdda49fb6572edcc0f227877fefb1f0e9ab5e79a111fd6f65efd21995c3b720c49b496b6910dd5cc99478109f537d07a078efb6af4d6376bb3afb2b19a0e08116bcd8bd8cbe4cf3e08c1d95ab21dbbac3d1c78e9de875eece07572edc6da6a93df4e7db2db58b30405dc8526044242007a32e8b8f9fbfd5af235cc0ddf34f7f431ce6e3caf5dc662377e8c48bf4bbe8aed366b37fac5b3cf6a4df8f66f6793df385cafa56d2870011e8d2e9e093a151f65e280a5288a10b444c2819086803fa0575f7e783e209c7d51db83634cbe1fbad6805ef29de5e3999ddd831e0005cdd8b3dd404bdb181108041c1d8be1a68fe3718122a028490db34e845f279523497fac3dd347787e7e53abeda221da47e878fd9be6c38df373dd031e36dfc8f77cbd665f8ed5b3a6b0289394c109f1c06b0d0d4d4828a2141b5afbc1c80667c9b64af842e37bf7eaf59f64c276726ba89b6efc212613265fbe9a3db710be3cb7afddead921a6ce52cad858107822c269886e9048482cd177238c8b49256fbad416c3f3d7f04f3bcd1f6523bc1ff6d4504f76818b660d7d4eefce4d5e1a7bfdbdfd72b51795be260829914026e0e299dd408070a1e12874172849596a9c7a2ee0fd0ff2cb7fd2a692420c97c3189a89434ef8d1dffd2c5fddbc44fffe21a94ee2a632848d3387be8d326352b7ac323282e28312c268c853ca6d128913797aa71cfa66f4777f563e900f6ab450089b4abef8f39089487fff4a7edd998110468b8efcc3acd3e7a326a6396d642c9a88c11653482850ea6d123df9b6cec593620568440551f6d2373de587af1cac60227caf66ce4de8a559e4a51b30e27f506cf2f6c8a9972713329f69234b105884da0795104aae84f4965ac05c366b0fdf43c47fafff7479a2dee4ed90a586fe567de1c587b3cfe7e560b857536761eccf8e2e2ea27998bed509594878119850d26ea34c449702f827f58a4ef3436d6f6faff6e13f3ada4db25b43c2c52bed95ed9a7c75add6d400b3ce1e2eca23a106431382064444a87f4ec46dda9d30f358ed775d5c7e68369bb5cbc18e5e6b8897c6bf1838d89b1fe1c5cd1fb5cf6bdda51ae6e4f4515ee455ffc220e435578711d1c386f10cbfafad66bb6dc3bad69232a2e305068b085703c6ec7a5beb0db6af322e57a08e69fa16454275743c06615c07240894f0ba3731324277df3cdd775b57ecd2103c593cdb6dad67cd97ee27dcf8d41319096a80c861134ae866124a4d3ddb34196149ea76aff6f7f7afba5d966097783f7c68c87161892524f95278ad04af74e7930b9d749d5606258f2f70ea8d080565124227e545129d161a32d47886e3789ee738dfed46f54af86ae5caccd02b21219c2d3c456853118b90d70939b41316e5d35caea257d37d10e7088d50084c88ca434ef3524a40c7209c8e0b452e7a95ecd04ad52329d33068d68632efc152c3a29dbbe9203c25a1270f169a381e21af257f5482aea7a783b07e4203b896b25a340c4e28cf782d71807e5a25c9e92084d5bd56f4c8260c5c1f3e3618117a2ac5d5a782107478b8906ac39243128d4368ccdc7a53e1a540e28d191b52d02ec62325ee6a56042cf1d904c174018962e3460b06ef44ad6b99056214e0a20c1d757260ba008b86815c8b578713b89b18b3e44ef0c3f39b888529c04a96ac271314508ef94609d3414824cc3f086e42839f2ae2292142125711e651e000222b1a19a785d0e449788010913620f254c2fa6e1310679c2b9978c074c6a0c703444838a9672d0ce20c9e84b37738d0231d51a0acabd82464f0248c9d4393d6e3ea4ea9342584ea283271cc296890eaa9ca2ec8a4255094fcdff178a8266446b96299301d122484cb4106770db5e95142de2c9d345e1c7dd014c52e8d69069ab47ed16a75bd9a6011114aadd6c5b8ed37d0fee4d33620854687d49a82a42664425f5d6c479957e1e00ff3816ea8842b4109e5325a107854d271bca076018388bb0a95703760c8e7298b0822e8baccef874a180b9ad4a8e7268c0a185b8556c884c186051236c4a0d5f452789142563768a746b2205242c0074dd990ff36d2e001d18218101026c7e102e2044481d019293678d34e0a99703d78408cc7130a23c5063620ac28c20d16b15816a77e0271416259092bf30b7b290dbc98ea90b85f4db014fadfec3ce1ea0248f89da7219a74ee2d850de86fa909b852fa98a02167a5b27ca493f4752044fa76d8f1a228161a5f590d7ddd0bb0d1488bd74309018bf5f502fee4632282def52d3fda3763009abfed5c0f7f5db8c5a1223f111170dced754ffe96138f27d2b4dfa1bf0ca3777ded274c0a21974e8a7c26dfec17d79f5ddf763a3da82afa820491e706427fae56d1ef3a9d5bf8c22f08ce87cd434fbb15b5977cf91fdf5d3938fe1c8e7e986e3f3f3e58b9f21584b8289c34e63bade189761669e5006ae7f873a42f14a1ff3dde413f5f515e22f9ca5441d8b5a1a60b7f46043cb59fcdce41655da5fcb6e5b3588cca84fecb608e605b730a869b2065ab4bf999836816869eb169daf5dd629128aadb6acf651d31e10f57201ee5d3ebc152240ba9a296df1a0a70b026a4d8ee3ec49c33bbe74a6bbf8bb642247f06444b577480a833ec379ea39a506920b2ddee95720c189d21567e2609be4fdaf2529480b1d8be6f4404c92758c2d6319512fc08078939365ac0d110e526bedce99664251202cf8dd6d8e7a389f518881a68b0ef23007ce416446a45b6210c84481799812e464074309b6f5382a508ca5e67ed12bccf51563b22a007fe29ff2d65bda14fd0aa2f66238c8336757d763e017f7b7ddde8f4e41a43acf63a8deb5b9fdff49a21823d98362e5df9ed10f3305cdc424c59b7b794af6a495e63224bd55ce47bbde1cc5b6bfe525bb034a135c6a85dd6ef641ceccdf83e1fc746d078f221bf9e0a3d0ea632289bf1eda111d58343d5227c96538013d089719fabd33478a8a6acdf35d57f1404dc9478a8a67d8c1d41472d7523e88c8ea4759c4d41ab00474c97011541338e8b71a93be920e8acdd2ece06b12eb8844ea30115b57c27aa1e5aea465f0a8ea02b5c575d92a62506ba6957f2dd5a729030c50eaaab451189d11ee4d60404969a6a0755750113b3208c28a723a8498fde8fd6517e4d11236ef7cb7cc4dd20cc5284ca3842bf9153eb8e3b4118a3085ed2ece8b386d0ebaabb41c8c2f25df53962f8416000d74fbd6e64ef0661179d1c05ca393d8a62139c6b390150cb5f3fcf47b15ce26e10eeab6763d543b372ff5ee9711b84bee703d1198e2b0a00487783b0a53e3da7baaa42297f1309ab34f52596d57fa60b3d8f767708f5a7e70c474a3da56eb181a5bb41b86eec33d9cf773bf1a9f93a48847d00783cda353ea5a8473a77be41afeeae10c6cc4f291aa6a337df1d226409cb1340ae8cba7f6a3e7d4708bb942d00f2927dcd8151c45a2f2726b24d38baae2887e0cea127340d7830fed9ebc8bb42b8effc05218013e448884025e7b6f01d216cffa7eb57a0c8541e5f7526fce3bf263dfae19afbcbda7f13419f3710fef1e55f71fea2f428f4b75f3ffef2f751cb5f03e13f3ffefa3fd3ccf8f6af5ffef2bfbffd1f06e16ffffae7c72fff326d0d7d4d737fff15f24159bf406614c2df7efbd72f1f3ffe6d8cc3fa7fba4ba6da9c26d3bc0000000049454e44ae426082, 'Tanzania', 'ZABLON', 'Nashon Israel', 'MALE', '2000-05-05', '2023-02-12 10:52:32', '2024-11-14', 1, 8, 21, 1),
(200230225526, 101225433567, 'S1706.0102.2018', 682013439, 0x89504e470d0a1a0a0000000d49484452000000d7000000d70803000000bea3348700000300504c5445ffffff956d61723d2d753e2da8573bc06342b65e3f8b49338c6154ede6e4f6f2f17b412fb15b3dac593cb89e96804430bb6040964e367a493acab6afa6857ba15339b09188e4dbd78647328f4b34dcceca835547b95f40be6141995036b85f3ead593caf5a3c9d7b6db35c3d9d5238b56f56af684ed5997be3a684a4553aebb798fcc6a4f9c29ed19d80fdc9a694604b9e66507c422fdaa687b47a61c9957a814d3cc0aba4b8836979402ef5c09e844531924c35a7715a8c5743e2ac91d2c3bd7a4533c28a6fad7963925c47eab08e8e513cc77a5befbe9df6bc99a36a53ce8768ca9176b06146f2b590f5b996f5ba97f7bd9af0af8be29771de8f68c7653cd57e56d7845cf3b692d1774feca985f6bb98ca6a41e0946ed27a52cd6f47e69e79e9a47fe39974eeac88e19770cf744cf2b390db8963f8c09cf1b28ebf9277886b5955463c70594aa5816be1b495c69f848e7563412e27312622533126693c2a5e3628b1886f212121574c467761533b35304a3e362020206e69665b5b5a4b4b4b3c3c3c2e2c2bab8a759a8375c0aa95c9b1a2f9d9c6edab86eabeaae7baa5edc5b2f3cfbbf6d4c2dfc2b3a8998c8c7f7866564cbf977dd2a78b7e787592867eeccfc1f1cbb7c9a699b79c94c1816ab78b793d271fe2b19cfee0ccfee3d17f6a5bd5ab9ce3ccc2bda096d1a696b6a897fedec8b1a3929b8f888b6d5bd8b9acaf9e8a946c5d57504cfdefe6c8c1bf968b84fdfbf9edd6cdf4e1d8d6cbc7947968b8968bca9e8fb5b4b4c5bbb5e0a08bd3d2d2a99985a19180ce9d85fbc4a1fcc8a5635146ddd5d0e2e1e1fee8daf6f8f9fbf6f4fef4edfedcc5fdd7bcf1f0f0fdcdadfee4d2fdd1b4fdccabecc3a9bc603bd8845dc1623cc3633cfdd9c1c19789cad7e1d6e0e6e2e9efeef2f6c9d0d6fcbfa1b37f6ec3c3c4fcb09afba094fb9d92f59b8ffba698fcb99efcbfb8fcb7af966556fdd7d3cf8878dc867ecd7c75ec9288e38b82d28078c1746de18e83fbaea5a27263a6a5a67746388888881e1e1e1111111414149696961818181919191616161212121a1a1a1c1c1c2222221b1b1b113a45d3000020d9494441547801d4d65592c4300c4551e579145638cd9cfdaf71d8ffaa32559f1d5ca3c85106f3c17ee505505694525da269d93b69802e6d569f7300c3986acb6cd6c061488f69a6348265d92d5b2885255096b51a943545b7836939a8b6c7b4a7c8e68059d670881eb607560eef089c28a2fa8c91752e5776708bbb63190a56b9b67277dbb198611d9a81358687c893df256c0f086bdce5c7d5312cda735f6254677dcbd9352c8b740afb419fe57c1079e8a34c1ed58496152e620dae61063305f7c2a87c32ac8d1d09a68a023bc168d6ff8b56f3506e545d8270dd960e72d018f05d7cc14112253638fd0a8e729436e7ddf77f9a7b608a29e141a18a9f3e71335ff54c4f8bf2514ca2de3f559560a3f6d058af68f429d5eb26a5ea56060bb153772f0cd75eae376fdf752a0f22cb6960b3e602454b864ffe275daee393d3b30e553e61aca0de49dc41b884c8999f42ffdc18d3aa7ac244ad3a33716b17a58fd8e549cbf3df23a26060fed5b059fd84b11cec6ed56857548a4587d97f72ae365173344eb92efcaa274cd4c14ecd76692c5ea07e5beca2566697390fab9f30b9ce6258dd760916653b467db12bc0a549356e3057efc8866175d5a952bb0ef3fd71c8e10c2122f7cab090544e0ed1764d597fadede2a1a36c006372f230f471635857919df2cb59bf570bd7812ebc7ca9c8619b0e73bb6e3131ace1a87af915c986d55d35b8063297933e3bffb783a161991b1cdb490edeb0eb5a5e6a34cb6b201b15a75cfc5f975323d518bebde4f07050c7a7ff6d7d2c89e5f1f879bc6fc78011e18eec254784ffd5f0de3ad099917371da7bece03d1e8ce811642f399af6a37e0b0daf74b99aad0ca84fccd5231af118b26ee05b4d8eba435e96eb9eb9627e721ec389113d21247bc9e1e3b9e690971718b75106c48ef0f11a9a394d1bc4220bc9d1c62bdba911965e2e4a9072f1aab16d2166664e0fe890c5ceb15b776ab4295388240572988b8ff29399d339428bc9e163df6e937f991add1c2be57278d79cec7b31352c35889e8d44dcb3db35229d858c9572f5b3d860bc040353d07bf81693031b76bb0695656184e930e58ad3f9633ce9bca227b8eb264777355768b3d46fa251769183062e6f522ee2a96c1f65ac97a6a8471caf991c7d6f7547b4f99e63e7e53b5e9ec2110686b9f8db94e2de616c8aba448b58f10ac3daab2795b063f36568bba417fa989e9819ee49944ea70bf34213490eeaaee05a7de31cfca7a6ca2ba7eb36dda431222a48739907498e7815d7ea0ddb8635ae3d2425a1e1e3caa45c2115743b505c2770d78bfa9e02d76ad9ebf407700a761103640131814b05417399011262c93c970edc3a652bc1b5b531744b9a46822b3ebbc8899a0bb9c6da30a70c609d1b477855cf187a94e90e33f6020171eab32778305a8f62583fe72a0390cfd5f55f665de5d9ae634c275c27f240f4131ecf1ba375ae6eb3475e29d7eae47051431acac79308eff347be23fe1ee67285ab6cc3c4b0a3b263b6563b8e2c55df6bf8ea24cfb5f609d0e4c1bc5fc2a50d8b99507191577b70e86e2876057894dd81cf4011e3319736ac5334ac5f52abd66ac764a7d26f017abba805698133b8ccc5f3180d4d99c6b82d1ae69558b35e3bb6d3389ed1d261480d4ca426817bed077ef0fb8129d51051d1b058f7c5f5dab10bdb292f76259873e5817bed0def59225caa251e176e589f113557bcb2716c5aeebc625788f3f99ad4488966bc41cd4753ae1bb885d2e1e9545fda8e65683bd8b7f2de50bfb7a6dbf47889de6786e54db161b42460588792ac3d4f7331b752dfd64715bd5e47c44a8aa56272956e984183039191b59ed857f91ce6a88f644bdbb1d03a369ad40e126597a4a13cf1d42532431ec4fbb1593589bc5747ca9c655f79e4f5ac05a2ba5ebd7c0cf1c293f1f49e3e5ef22006c2aca2e311d1bc237d8e3f954aa551ef917c6778509d0b5037998e75673f9f06ef26530efc1ba324bea223932863ed29aea261aa5046b0fa9e57fed87bccf4237ffa6c666cc71bb35033e461dfe6df90191557efa884cbb11888ff85af52835c7c344a5f5e7f35832c183a6766a11e306a9258e215dde12459709b1d9a0bc4e7eab111fca3fe545c953df9e4ab3999a681df7c67cc92150be54a4989ee2a2e6d9843b1d88a1d9bb11113ab836fc2a56a7b4044dfcd629d4c05cc938d254f16b8dc306696ffafde7c0fa0c7b0851fc2a5d62c6c12fd344bf424603d4f362a962e2c8669ae63098eedca418f6df575c834c2c7722ece0f22fab502cc171aaf583188445dc595c87785555f05ec23544799f0f85b73899e86446fcd325d42c0f87725c98e9844b1e2ba97d9f451b94575541948f06d19973979439fcd2ab024a7f10afef4496f9870456d097ad86b51f20011664bb9cce4b55a3005d608f28717148fc34145a270b564e7a8eabbd13d904a7917ef345711ecfb9fb5c1ba47f31c1e2d34cc21978e846bbf6accb75517684c7f2fe1629d9a157a1030cf21921861486d1873058712f4cf55b9d47a1de30373559380f5bcde1c584f1b265ca12fdf51f530ef42ad570717cc650d8c37ac9981c954a85aef51d4ea4bd057e482abd62bc28fdfbfff1a9b609949419082f58995705c16b9dc58b85e55e40a8bd78b63c30e9719e41d98d50a88c5949291c2e5430cf4ab158e4de62a5ccc5bfcb6c435792c803547f360a1d410e14a90e4c1d1a9c6b58f486223173ebce0fa3f2d66a11c370c04d0e9869913b9ccccccccad3c630c333333e7cbab5575d2dae1447961bc7b5eb4ee7a7e1052a2d8af3f9858326257555ed2d3fe72b29ed680de38aee61fd3eb7cba6dd4c043ea55ef37843bd2e01d40acb12221e610b15b65e96d4a5c5256ac07981d2fd3362ab01dba4df7919f41b330688ea2a02530c4ad6dd2acad7d9faed91185e11b78498254f6d258bebe9a5a7fc5e47c74f1c4bc187c7205e26979113ef9a0c3abe769bcce18cd9afdddcdeefacdd2fe0b902065bf34e1ab78941ace1745cbca565fe5daf232db06dc905e3f855543d0c577c3eb6edb2b1b3ba4554f37e7bfa8584d96117b594187333e0506fa5605eaec785dd2e5052e22ae76dccef7a613cdfc1d8385e16c0e3c8e24c448c1bd79994d02865e0e38998906a7ed7899c7fd28ac7a5b9be30ebe2f325377f2c25ed38756dbc5de68b1ec2c870c67f4ba0aaf337da4c88a173d03f822b4daa2467e20bafdf69dbc44b068b03f015498f1acc5f2d4b1f7397d100059992f98152fd3e6cb8497d7d7dee81dcccbbdbf0bfd9cf2848a3178794b6dd88c062c178bfbd659e5f5c1869739280278eb7aee80f27a3a889c1a4286776064746c47abf189e1249353539393d333c8c73c989d65d28c0119cee85506154ab2acd48a57aebe4991e3cbedf2e64686e70fc2c2e51f69a9c5a5f903303509a2d6cc70c69c71204f7deed8f5baaabc1e2faf28e6e7c5bbe1056495b0b6b6beb1b1b9822c6c51abb109f95d64696363c1b084219b9cc2ff88ff12999a56e97941799d17a2b2c0728feb5591dce69dff5e5fffd16e16ec692c5d004e967cfed1d4dd5d796edddd6d42ea2e912710e5ea12722d862d4122a48235054289bb4b6fddffd23d33b383d55bfa56b3cc61e7dd336bb367899646555a56aed56a37ebae2ed71b44f446a32098b4988a0966cb9fa4a1d5469356a952930e1755554fa8d146200882bdf6c68dda9b52e9da75eb6e2566e7dc260d7f94b0633df14ae2387a3e5b005ef1b84f61a7e57f51af3cb252ab1630d9f567ae5cde6188c661d0dbe143a7ab42f32ba1d8aa52b95992ad2697cb457d8c46bdc12102627ba4d29b1e4cadb998642cf2d041a62e179281382fce5ec9d86b95328774b5424bd97cfcb8c0b63bc164128cd05bbd16ba7f07c4622874ba00a7d6ae0719bd10c65e97b83a897881d86f34613fcf0e8d447224998607e22ce9c26fe095437780dfec06a380d9977e128f4330b98bf17868b604bbc10efdf7c66a697c2e8cc900ad4c90313d1bbff06db738c91e8f28564c77df9fd89c372d8a4ec603714ebcbcc28779e245fa57ee121c8473a72e1b2aeacabcfe7a82dfeb35dfa97118212b5a2c40faa7ce0d040239642096522da3cfa515f4867b7565656566205857ebf11c9937b5a1ee2e156ba45e3f8f63733ae47d54099924fe965e0ec8d00ec0606c4a4868f6fbbd2d947aafdfdc9cd0da66002b0cee9fe602426cbfac758968f5faf6848e7abfdfcc02bdaaceb67b755ddd24ef16d14bbceaf83f19349bb849703a9b075e71799cc2ae7a23bcfeb0efc038400ae809fa7b9b5baa31c40b1635190527c60a8ddd08a5c80fa17d38d0e3a4681dedd0aad9ecf7d75753bcfe4e372ceae8226693c571c8b177a0ff4976b071d20563a55feb9518edb510bcf68a5e8d4e6147df8e9a56dab07f20d89ad06bc10cf88383b420a6cdcebc865286e1303fb27234ec65a7a1f70783debf9a2dd5f897dfafaac6cb5a3bc674757777512f89844de6e369abad60390f0427c5d92b39ece5f3f98407ace143b379c38416ac551d0c06fde2d276133452e361284e0097e071e8c3d8215904f3c0ce84876c83b87be9c2471d755d62be7ee6e85507bbe0d944abf5e3ea055b8b5b8fd635302fe0c1639ab1fb8303c1e020100c0e0cb29bbec7b8051e8617d84368f8a193c6b155f443e0a0a5aa0a6b0d94b2c0072623c9d7f7902e2eb2947d13a939f85aaff9e2fc7ce8720346224a4de381c6278ca7ce078f416c00805cc1df7414b63639f1a7f7a0ed50964cc4caf35612e47bd09a40e91d247138d4fc0ce7aae9c11316c8e71eb9b917c4b00bbbda9f1d07af319c34c66b13b7947aa9435ecf65b2a7f08f5046297fd004bc609fba795e7361987995406485f889b389e67a8a19cc80c1b2f607be972f5960390f041408ed5ecf2547dc504ffd265ec930bf9159c403cf19d0dd57cfdf4b31cf7722e245801f4b5fc6f0fc3505fe27933d674b4b79e017f042fbd693241192b8d571f19a14e3f52f6e23822307902ffb14e643cb35f2f0bc5421a4efe0c7c3484b40998a80a3ac628c5c222611afb83c870d79254dc317beb93c5022fb14343c3f8a0e85bd2a2152f58991c01a05c27c87471f3b768dfb7aafe9b15eb87803a13c1ef8e86667fb930d655d90314620d7c59f12399face32cf5dab72b54a73e892ad6c665823eecb5104fdcec2be6016b81ec631c24e992a7a484170d7d52c2f24b8ae961231311968447e22652475c1e97072aa1f3322e2242e8ec510d8fd1947ca47745909c35685811e1358cf79bf91f89c36d804245da594459cb6d61477a72d4ef88cb03b079ec6c0f5e1c9edf582aae196e85f3df97ab9242bccdf3905ca6635e987d20cb17a92adf2755a0528bdfad4c4d4b4322a793d9fb220bc90e363d2ef536ecfe4b428ad91082152e4d1ce545d485aa82486c706faca619052d349c15e5350c6234ccaa52cd8f0a2c51913022e5b65d50a4a5a532af2b6f24ec051fc996aff7fa3717e535157b2d41442c13edcbcbfdf0d45271e11a84b26499cc8b9285f23e3297a50e0c5d202b0969659e3ab5844d98fe4b027f3d8b4b4100f39a4daabe10a0485320c29af7c815e714764266d1a191615db4d7c821849481519ab55872023650a2a42a10e3daa90cc45eac98848f8df1a9d38ba8ef21273042560a62ac51e60522c853ae4222f211d959e615129323c23ea53210895289c2a4640da330974e9dc6c78e7fd123e2bfa48bbfba9048cae60f59ca98971cca4f56cad107910fc3fea4635e61863f16b772057c3b0af3377167c1ddc695c5f1e948c6d5ad42aa47f6d628a7c72b1d9d55c1474999033a86f8fa348a625a53bfc6321f2e333333490b65326c469215633886d027d87973e729934ee39135afeebf9098e7a7f7eeffde79effacd387669ff37ce50b8360a57896890327351026332ae35951cddd1f663dad111d2cbc2bbad5c8c2cd471912f1b4da6c2bacce33584fd6cd7ed7a7de7c5ed6a79c0717f6f2de732f5db90e8c71b70c9905949766da4d13f5bb86cbf8c143271210eb357729ba26f8a29d7beeb908b567ccd5ca0ed809192e10294fc0de31a0d17a1d136936df4ea337fc7849799624bc43997c2f789b85cf25ab83affccd4570c97290607b047e7da8304a6bc203994858b123353286caf761dab7b47315ced3fb48dd1f05e9c747bb703b45ce6984bb6725dc10dd1562146d5dfb3e7bbaf8be0b2d84628843806a02800bf76ca556ee12ae35cf68310ec645843bda12fbf5b3b56f287b6d1968c23360181dde73c311357bdb90f9664ff8aeb5818fffa7f61475c641b6dc12e44fd32ca14a87fc319d716ce556a2d38827657f6674d7bb137fce5974570852eac36d8fce8c60963f54681d8670e1373adc1d500a4409e2b5980170e207685bff8d6991d76e37efdc7e5b920a0c06e118919e0971e539f794186d8f167e2da13fea218dbd8779eab17fbd9701117a9c5ef7e414002cbf7175321451a2d2075f56b8d396186e5c00e3b11b1af23455c6e20b937c29b8e5602bcc47539e772e7b93aeca28ba92f81fd6167b631808809e6be091c83c081c7753df1c60b573b4f6000e7bd9eb86c0d71f4cf0618629f33db18c76e36eaac4fa70e02ad12d757af3bda02dbc0b8ea898b1788a4a04d7891ba10ef72541d0e61e7c3aaa62774ae4691476281c7bc69d96628693f0f096cc4891d76227e9fce643ffd347d07e3aa1179e25c43d38f71856cfd9034d2edc436fab0fbdf1a949ac9be8aacf9ab52081725304fa9c666e1eab009fd7dc37793d61e60a69be511ec4a4b9fa6d369496565945c2d893acf81b83c408ae4b9f6857f3225cde11557b369359d795d45001074ac082530cf067313471b574a388fd5368611431f66326a56cabc3fc6b82e93c49d2be2b99c73d13cb41a8760ed3065afbde17bd54f2529a33ec072a8a883cc6466f49a6d58b9ccc6215ae6f0c291bb52d5aafaeacd93208e8b8c9e7591f9ac5c1deb105ebdc835e911c84546cf72b3dfcad5f6537185ccd9ab8e41ed7e1f4b412017193d9337dfc4719e2b281ac89295f7e30434d48d4dbc3ad50042b96e349a2b37c89c4b89af31c082b91c394c32975beb9a4d37d601c40e3ea966a71fdcaa73354ac28c9e09bc7c83f7da91b504587266764ed3fc071f7c30affd6d76e150c159995cbe01e0aae974f6d34cfa1d0010766065a5c155ebcd3705f4b671b5db5ee1cc9c59870f1f999d9bb5250b995c7e1298ae52d3ef1d05915c7c6f4f51785a068c171a6087e62ed4c23f8e1d3ba2fd912b30bc681a426b334cabb7bb9ebc0ac027a88ecaef81f12ea5a8dc8423f601661d2cb366179205652f9a865bd507a1f9c1da6bd45616de1542b940ae35f61d5c4db4ec65bb887868766e15cd040bc85e033801f0ce7466ba1562974e6533371e0cc8e24eb9a563ec7cc6fe971726b17ff589b8edf8f10f886afec449a6138bfa1b4bcbf4d63c917d70fcf8af562f0e7bd89dc9931f66d3afc6a0753aa3be1fbbf612b15c65325feef5431d8edb94881f9c5c59595a5c3c7172657951d789e5c5b9a59595e525f6c6f28a06baa8bd79f28ae4aa4b519d38590f3ecd349e0480277fcfe62175988bd08d3a972bc2c32b00f5889d764ebfed943636cb8bf3a70f331d999dd71817674feb6f2ccc6bc427974f25eda6e1388e015cabfbc6d6a9eca56f9f01d85e2d8aab5a2fe8e5ed3cbc00600c476c1d913c63f6c861d2e9d9a579f606c3e21166778f42ae419bca4faa991b65afc625895215e3a26e106ab00568c0c4709bcd2a62d0700d1a30c673c400e49e7f915724d5c6d58563c6affcc69e9ccaaa53d7685c472561625c5ea36733aadb62adeffc80b5a72e02963300164e1310a7b2f3c3503eba12930d8ccb0fd0aa66a44cfaac175a0e08e52a9523467118a5d690311cb04d61399a7084c6743a4fb54acd916ae7b37008eb80712900b15b3433cc9e93c1f784382e452ba28cee2485b273d4e5418c5b06ace0bc4c8365335c7c355e2fe0fccf692326cbd0fc9938ae5b343794dde41afa74f46926528a090e36bac6dc3cbb0a5538d89ef7c2498fd1d2cb5a1bcad3af4b72149e90c4e98112b7acd070e97f369f61263246de61bbcc919b5930432dcce4828594865d88a5bcd066ff6dd18fcd884902b5abc4f84d471f3b36aef9716953148081f51a60ed76b797b9bc0aade4f723051771b95d7295cef5b848aee360242fafecbfea9f9f499b29c8ea27084ce43a47d08ac5b88c6715cbb77f2692eb0e854cfe5ab9e60dbd107691e7d74fe2d0300f31214aedc8ef0c8d813bbf5ea90dd78d3ad793924801f591055c74eb53c5ef58dc8149ec8d8b5c49ec306141004811975faea1bdb80a915895bf88b8e9e91bb4d2bac5e5e63b869e4972450a31c70a99b160672d71c911e301ccd5c24a79e2a026b2888155411ed2fcc2ad1463893e5aab4f095a34e458b1fb1430728b4c40d58c4e9836470dac727abbd10f9a27be5175d40d0466541e3b1c82f1cc354258f0cffba2949635ae2ae212897540d12761843f16befacc272f68ae54750da325bbc7fde41d42b0060c276c96ee93dd6487b45223569f1d88312764b14522ba1b094bd7041ab79921015638ced3f113d27d34e1a3340b45ebf57f1fdc79f4a52d5517ce4d5700cc5c383e4ca6e8106b7888633dc0ee67fdfa34aca197523c59e567d6ee5830732510879c81a53a38d618d584d5fa82ac5ebab54aeba3ca46669066ae9efe843330c28af7a2115cbe1a89717901809e00be0eaa2a272c77e05abf372acb7200b12d9ea04456641a1bd51d2381ddc4e5736de65cb572e3fa60ddb8a9fc814f1e7ffccc994bb8b6226aaff510f60e14074658c3ddcc57352e86556e3c82914dc31bd7670ed6587ecec388ecbac61338c2c0926b9f84340787e26d8c8ba5ca0ae3e95ce0966bd667125a732371d1a5f5e86d9d4538e100bd288c4bc3a27cd528b7c0b55441fd1cfaf077c4c58e5fc2defeb58d188dd6f00826a868c186a8ccf3557904204a7f5f677d35fdff5ace1e366ee40ac042fa20f535aed269911ee901abd2cfed2a8efef700db1bf87029743a2c70a6a4ddbe89e3ee82f4294e550208b84207c840e0851c44c0b5ea7b41f3469c99376fc2472db924e7515e3bd80fb86dc8f3ccc7f7f8f886a47877aa009eb057b1c8bdfeb40bf4f2ca2a171dce41a67704a07fbcbbe194cfd2f0b7bc825834e737199325e6f2e6feeee41432746ae0bfcf570bfacff3ba3898bf79ca5b8c6e714761ef088c7590313af9f637bffe7ddee5fc948d7b3e599817d4d1daa0272203bdcde5ed42ec4536cbeb0dfe33a279b8585b3dd8e9ed1f14efef2c6f1e0111a9608c863af70bf31a39ef3d1a26f8840acc616f93cf9282fe3e2f5db6e7a9f79dbcbabf2c8235f8f9779b4fc0d314efcd033c2c9c2fcceb2d2424a0ffd6ebe687be0c59b7979d2f52f5882a06efd92f9ea4f1ffd0652f0103978b3bbfe421f5770f1fcd5b1eac166cecf57a7b1b838fbdedb69b3529bbc5cdd54e9eb95ff6c09080554b0be3521e128e7a5bd399ae946607cf33b3fe63b9b8c61fbbec6e54fe008ed9e8794b02ee7469718c35c578f8a2b752645667ad34e3af1fee1ffcdc6675dde3fa524dc19c4eef5b47310aee16e8750ca2d7931d9e516c76b09799bddc8aa5560e36f3cf3a1655b0b062f68fe4416e16e8750f4af4e257a52b66dbb3d2c851d979d97f56fb2a2e7fd5717ff74514ab9caee86560b2c88e09504a912ffa8d3a5739cf5eeceef5983f6e3eb0d363a9eba2060e2e9a55f3d9778e62f478a10d07588a815f75e236625051fbeafa79af6467afbb55e41f97c088d79a62dcf86651b1bae3b6c9495eafe40ea9b3beb65ad29f529e538358aadd4b01803ab9ff492ad237391f6963efef1e38af3bdd9f28006743dab832ab906a2779156e179df59841e7a2eab45c17fc1e9c355e519500215807303ebebdac4dec7804538e7983c8cd0980d3390ed479c30979245f6972d06ac8d056f69a9fc61976c8c3f34c2a7216f857a186aadbe4042045cf040df05692e29d5c5a767dcaaa49c38951804489378512b2a6fb8bd423cdadd53c39c13c0ce1f221d2c0633b5d187a3373bb7598508177309a08a7cf08cc7427760707a3aa5301140793c79ba25f4b41985babb1e7d3b2e626959430c434dc46c0583fddddc238cac5c9d8a972b3d30e185d77229fba467eb47b0d96e74cc26613f9a6d1847a4cd9c236e762a673d4504ac7629351a1451a2ca6e04cea1cd5090090261461fd3cf395598e9ec27c235efb5d5c8a15e8d48243e34ab1b4998a27e54142b0884e2bfe89aef989f5622ff0547a9eba3cd72d9b285f5f0109689f0235008d3e8046d4a0ca889dd62a61699c38876841794430d1fcc918b1777b23bd19b93e8f56bcd3d79a045c6220727588430b160da4c5f475ad2a8edc6c8e29a233c472219abf0f56ecb5ff2579ad5e7c5c4b7816f8bd2501201df95a4054792066db12575957dfce148c464450b9978fbd94a318b9d0c7777e632d491dc494d08297612fb260d04065926a222cab748a9eff05441d2dfa8760c8298ab187a2d7c7327120dd8ee372188329c5be08292af260101d95a4705c76b3810a2ce2109028a08628df9c268bd2a8f067f951f1c5e35a52c97c0509c558ef632fff50fc9df1588da52b966aa715db805e8127f28297d790042d9e60df443def5af4425874cf6665ee6e3e016564af842835095a9ae1a735f112522af138545c357d5ce6894b49028a62dcd7b5d5d7a05c58aeb79f5bb216771b314173f14b642f6328d4b669b88d16c1211001895e433460494be3a6f0b4f858cd3a3bcd18b4debc96ab8a7855261d14685482d790c80752b56d0ac6cd3424de417b22157b2588ce25c1c989c84e9ded3f75b60e0e76bbdddd7eb120eeb4dcbc5e11b5e434f42e6f17bce0c56551d1b0ee6c39601348ab311972ccdabc2c04d2819a442de2c65677337b9c75bddb176bc7c55adb6dee3720feeb481ab0cdcbf37f9e9a01bbad16d6c4f3af6109c90b9d23e512a9e5f821ead337be7c99dda0d9fb6a352e84eb6d57b6d74ebe7879d0a297e77995f32eb190b586ae6a9a4c7f5bbc3860417b8ad087f2449ff5bb9b7f78562f84dbade5ff07f052d1484843daea95e31b5bb234b455af59426a470d30c3b9ccd9c6c9a2e29e436679bdd35afcffea3545a48628ef6e513de2d5d8e61af7dc132a90ae5f79c02c9174750ef08ff917fd324f0fe314cf8fa172ce20e230f69ac5a1be1197de3a12f1b1d73020a2ceaf8f26a52616fef98ebf3af499fce7fddf7f04156bf9bc494f8570b15742326a696ce7f62285a558b0c3e614dc386b38cfdebdfff0c94e1fdebf3b2b164b55864a2b22a5c1226210d67d1c429925c016630b492cfb20c6a305ed87cd4cbc2bbed97d25074e0cd3157f5b9b1935b350791ec8bb5c0b13c98bdabd14892456a84d4364ac739ec58caa9be9d90a813ffa7d75f5cb63a1fbf0cbd5bbb3caf74e6e1be152c1b0560acea09485ece5dbbd1cb520799142c638087c20116b31f3d2b39c7f9f658235329d33e1adea5397d4ac1035975eb0c884a1e4a5dabd3409b41f0d8f39ba10c3e0bd52c99018a7fe9f471a293149a294e751385a89662d26a118ed92762f432d78d16b8885982532cee014f6f3dc977d2ec7809e7d0a8c53d342c87812bda8dd2b500b0988cac5d0968faf7558c5c0e9e76a4d94c32aac45a5965cf79c7dc4cb531bb2d7104bb14089d65845c3e4f39f406115ae4cb6d4f2734fb0e07f5c71c799fb76b9da0000000049454e44ae426082, 'Tanzania', 'MICHAEL', 'Mary John', 'FEMALE', '2001-02-19', '2020-02-12 10:53:50', '2025-11-14', 1, 4, 22, 1),
(210240224944, NULL, NULL, NULL, NULL, NULL, 'ABDALLAH', 'Juma B', 'MALE', NULL, '2023-02-27 01:27:14', NULL, 1, 7, 21, 1),
(200230226058, NULL, NULL, NULL, NULL, NULL, 'ALLY', 'Shiraz H', 'MALE', NULL, '2023-02-27 01:27:14', NULL, 1, 7, 21, 1),
(2002302210228, NULL, NULL, NULL, NULL, NULL, 'ALOYCE', 'Gaston Lusinde', 'MALE', NULL, '2023-02-27 01:27:14', NULL, 1, 7, 21, 1),
(2102302230166, NULL, NULL, NULL, NULL, NULL, 'ASSENGA', 'Germin E', 'MALE', NULL, '2023-02-27 01:27:14', NULL, 1, 7, 21, 1),
(200230225928, NULL, NULL, NULL, NULL, NULL, 'AGUSTINO', 'Fidelis', 'MALE', NULL, '2023-02-27 01:27:14', NULL, 1, 7, 21, 1),
(200230226702, NULL, NULL, NULL, NULL, NULL, 'AZALIWA', 'Adiel Elfelet', 'MALE', NULL, '2023-02-27 01:27:14', NULL, 1, 7, 21, 1),
(200230225829, NULL, NULL, NULL, NULL, NULL, 'BANGI', 'Ignas Yustin', 'MALE', NULL, '2023-02-27 01:27:14', NULL, 1, 7, 21, 1),
(200230226892, NULL, NULL, NULL, NULL, NULL, 'BIDYANGUZE', 'Said Nashon', 'MAEL', NULL, '2023-02-27 01:27:14', NULL, 1, 7, 21, 1),
(200230225860, NULL, NULL, NULL, NULL, NULL, 'BIJABUKA', 'Adrian Modest', 'MALE', NULL, '2023-02-27 01:27:14', NULL, 1, 7, 21, 1),
(210240226378, NULL, NULL, NULL, NULL, NULL, 'BILAL', 'Jamal Mursal', 'MALE', NULL, '2023-02-27 01:27:14', NULL, 1, 7, 21, 1),
(210240225412, NULL, NULL, NULL, NULL, NULL, 'BOAZ', 'Steven Malimu', 'MALE', NULL, '2023-02-27 01:27:14', NULL, 1, 7, 21, 1),
(200230226769, NULL, NULL, NULL, NULL, NULL, 'BUBERWA', 'Conrad Victor', 'MALE', NULL, '2023-02-27 01:27:14', NULL, 1, 7, 21, 1),
(2002302211382, NULL, NULL, NULL, NULL, NULL, 'BYABACHWEZI', 'Francis Fauratus', 'MALE', NULL, '2023-02-27 01:27:14', NULL, 1, 7, 21, 1),
(2002302210020, NULL, NULL, NULL, NULL, NULL, 'BYABATO', 'Alex Mubezi', 'MALE', NULL, '2023-02-27 01:27:14', NULL, 1, 7, 21, 1),
(200230226744, NULL, NULL, NULL, NULL, NULL, 'CHAKI', 'Erick Ambrose', 'MALE', NULL, '2023-02-27 01:27:14', NULL, 1, 7, 21, 1),
(200230225915, 10013467414, 'S0204.0004.2017', 734035258, NULL, '1', 'MAHAGI', 'Alice  Alex', 'FEMALE', '2000-12-10', '2021-11-05 00:00:00', '2024-12-15', 1, 7, 21, NULL),
(200230225510, 112353567189, 's1706.0142.2018', 682013439, NULL, '1', 'Zablon', 'Nashon Israel', 'MALE', '2001-08-22', '2023-09-19 00:00:00', '2025-09-10', 3, 6, 24, NULL),
(200230225530, 1147711709324028, 's1706.0142.2018', 712803746, NULL, 'Tanzania', 'ZABLON', 'Nashon Israel', 'Male', '2023-09-04', '2030-09-16 12:58:50', '2023-09-05', 2, 1, 4, 2);

-- --------------------------------------------------------

--
-- Table structure for table `user`
--

DROP TABLE IF EXISTS `user`;
CREATE TABLE IF NOT EXISTS `user` (
  `user_id` int(11) NOT NULL,
  `username` varchar(255) NOT NULL,
  `password` varchar(255) NOT NULL,
  PRIMARY KEY (`user_id`)
) ENGINE=InnoDB DEFAULT CHARSET=utf8mb4;

--
-- Dumping data for table `user`
--

INSERT INTO `user` (`user_id`, `username`, `password`) VALUES
(1, 'zablonnashon@gmail.com', 'admin');
COMMIT;

/*!40101 SET CHARACTER_SET_CLIENT=@OLD_CHARACTER_SET_CLIENT */;
/*!40101 SET CHARACTER_SET_RESULTS=@OLD_CHARACTER_SET_RESULTS */;
/*!40101 SET COLLATION_CONNECTION=@OLD_COLLATION_CONNECTION */;
